name,MV,MV_err,period
l Car,-5.35,0.22,35.551341
zet Gem,-4.03,0.15,10.15073
bet Dor,-4.05,0.11,9.842425
W Sgr,-3.97,0.2,7.594904
X Sgr,-3.68,0.17,7.012877
Y Sgr,-3.42,0.3,5.77338
del Cep,-3.47,0.11,5.36627
FF Aql,-3.05,0.15,4.470916
T Vul,-3.24,0.28,4.435462
RT Aur,-2.9,0.18,3.72819