name,MV,MV_err,period,plx,plx_err,LKH_corr
l Car,-5.35,0.22,35.551341,2.01,0.2,-0.08
zet Gem,-4.03,0.15,10.15073,2.78,0.18,-0.03
bet Dor,-4.05,0.11,9.842425,3.14,0.16,-0.02
W Sgr,-3.97,0.2,7.594904,2.28,0.2,-0.06
X Sgr,-3.68,0.17,7.012877,3,0.18,-0.03
Y Sgr,-3.42,0.3,5.77338,2.13,0.29,-0.15
del Cep,-3.47,0.11,5.36627,3.66,0.15,-0.01
FF Aql,-3.05,0.15,4.470916,2.81,0.18,-0.03
T Vul,-3.24,0.28,4.435462,1.9,0.23,-0.12
RT Aur,-2.9,0.18,3.72819,2.4,0.19,-0.05