jd,velocity,error
2459530.372,26927.59,441.8925577
2459530.766,19278.076,502.9850805
2459531.57,17432.198,551.6163981
2459552.707,10132.27,298.911766
2459558.92,9809.223333,444.698558